closest-two-points.cc             , O(N \cdot \log{N})
convex-hull-2d.cc                 , O(N \cdot \log{N})
convex-hull-3d.cc                 , O(N^2)
convex-hull-trick.cc              , O(N)
enclosing-circle.cc               , O(N^2) \text{ or } O(N \cdot \log{N})
Geometry.java                     , O(N^2)
intersection.cc                   , O(N)
x11-and-checker.cc                , \text{~5 mins}
bipartite-matching.cc             , O(E \cdot \sqrt V)
maxflow.java                      , O(E \cdot V^2)
maximum-flow-minimum-cut.cc       , O(E \cdot V^2)
minimum-cost-flow-pot.cc          , O(|F| \cdot E \cdot \log{E})
minimum-cost-flow-ssp.cc          , O(|F| \cdot V \cdot E)
minimum-spanning-tree.cc          , O(E \cdot \log{E})
shortest-path.cc                  , O((V + E) \cdot \log{E})
strongly-connected-components.cc  , O(V + E)
biconnected-components.cc         , O(V + E)
calculus.cc                       , O(1)
fft.cc                            , O(N \cdot \log{N})
fnt.cc                            , O(N \cdot \log{N})
matrix-inverse.cc                 , O(N^3)
number-theory.cc                  , O(\log{N})
recurrences.cc                    , O(1)
aho-corasick.cc                   , O(N + M)
kmp-and-suffix-array.cc           , O(N + M)
rolling-hash.cc                   , O(N)
avl.cc                            , O(\log{N})
fenwick.java                      , O(\log{N})
linkcut.cc                        , O(\log{N})
segment.cc                        , O(\log{N})
